row_index,team_hash,occurrence_count,format_id,source_battle_id,side,player,timestamp,won,species,items,abilities,natures,moves
0,dca36b3fe686f36e,2,gen9championsvgc2026regma,gen9championsvgc2026regma-2600664326,p1,skarmbag,1777827111,True,Golurk | Torkoal | Farigiraf | Lucario | Aromatisse | Kangaskhan,Golurkite | Charcoal | SitrusBerry | ChoiceScarf | Leftovers | ChopleBerry,IronFist | Drought | ArmorTail | InnerFocus | AromaVeil | Scrappy, |  |  |  |  | ,"Golurk: Poltergeist, HeadlongRush, Protect, PhantomForce | Torkoal: Eruption, HeatWave, Protect, EarthPower | Farigiraf: PsychicNoise, DazzlingGleam, HelpingHand, TrickRoom | Lucario: FinalGambit, CloseCombat, IcePunch, Coaching | Aromatisse: DazzlingGleam, HealPulse, Protect, TrickRoom | Kangaskhan: FakeOut, LastResort"
1,9d75ac2a4adf2436,2,gen9championsvgc2026regma,gen9championsvgc2026regma-2600664326,p2,,1777827111,,Aerodactyl | Charizard | Floette-Eternal | Hydreigon | Garchomp | Rotom-Wash,FocusSash | CharizarditeY | Floettite | HabanBerry | ChoiceScarf | SitrusBerry,Unnerve | SolarPower | FlowerVeil | Levitate | RoughSkin | Levitate, |  |  |  |  | ,"Aerodactyl: Protect, Tailwind, RockSlide, WideGuard | Charizard: Protect, HeatWave, WeatherBall, SolarBeam | Floette-Eternal: Protect, Moonblast, DazzlingGleam, LightofRuin | Hydreigon: Protect, EarthPower, DarkPulse, DracoMeteor | Garchomp: Earthquake, DragonClaw, RockSlide, IronHead | Rotom-Wash: Protect, VoltSwitch, WillOWisp, HydroPump"
2,7478a4ee98b254ca,21,gen9championsvgc2026regma,gen9championsvgc2026regma-2600407331,p1,magicalarcher57,1777794779,False,Sneasler | Garchomp | Basculegion | Glimmora | Charizard | Whimsicott,FocusSash | SitrusBerry | ChoiceScarf | Glimmoranite | CharizarditeY | KebiaBerry,Unburden | RoughSkin | Adaptability | ToxicDebris | Blaze | Prankster, |  |  |  |  | ,"Sneasler: FakeOut, CloseCombat, DireClaw, Protect | Garchomp: Protect, DragonClaw, Earthquake, RockSlide | Basculegion: FlipTurn, WaveCrash, LastRespects, AquaJet | Glimmora: SpikyShield, PowerGem, SludgeBomb, EarthPower | Charizard: WeatherBall, HeatWave, SolarBeam, Protect | Whimsicott: Moonblast, Tailwind, Protect, Encore"
3,7570a0d953203ed0,1,gen9championsvgc2026regma,gen9championsvgc2026regma-2600407331,p2,Ekiller12z,1777794779,True,Tyranitar | Garchomp | Meganium | Aegislash | Whimsicott | Delphox,Leftovers | ChoiceScarf | Meganiumite | ShucaBerry | FocusSash | Delphoxite,SandStream | SandVeil | LeafGuard | StanceChange | Prankster | Blaze, |  |  |  |  | ,"Tyranitar: RockSlide, StoneEdge, Crunch, Protect | Garchomp: DragonClaw, StompingTantrum, Earthquake, PoisonJab | Meganium: SolarBeam, DazzlingGleam, WeatherBall, Protect | Aegislash: IronHead, SacredSword, ShadowSneak, KingsShield | Whimsicott: Moonblast, Tailwind, Taunt, Encore | Delphox: Flamethrower, HeatWave, Psychic, Protect"
4,52bf8b5c32fbcd05,1,gen9championsvgc2026regma,gen9championsvgc2026regma-2600687109,p1,simplici,1777829212,False,Greninja | Pelipper | Archaludon | Basculegion | Gengar | Whimsicott,Greninjite | Leftovers | SitrusBerry | ChoiceScarf | Gengarite | FocusSash,Protean | Drizzle | Stamina | SwiftSwim | CursedBody | Prankster, |  |  |  |  | ,"Greninja: WeatherBall, IceBeam, DarkPulse, WaterShuriken | Pelipper: WeatherBall, Hurricane, WideGuard, Protect | Archaludon: ElectroShot, DracoMeteor, FlashCannon, Snarl | Basculegion: WaveCrash, PsychicFangs, LastRespects, AquaJet | Gengar: ShadowBall, Protect, IcyWind, Disable | Whimsicott: Moonblast, Encore, Tailwind, Protect"
5,8db3485f91224b02,1,gen9championsvgc2026regma,gen9championsvgc2026regma-2600687109,p2,SDLT 2HML Kiki,1777829212,True,Tsareena | Typhlosion-Hisui | Tauros-Paldea-Aqua | Floette-Eternal | Dragapult | Whimsicott,MiracleSeed | ChoiceScarf | MysticWater | Floettite | ColburBerry | FocusSash,QueenlyMajesty | Blaze | Intimidate | FlowerVeil | ClearBody | Prankster, |  |  |  |  | ,"Tsareena: PowerWhip, TripleAxel, Protect, HelpingHand | Typhlosion-Hisui: Eruption, HeatWave, ShadowBall, Overheat | Tauros-Paldea-Aqua: WaveCrash, AquaJet, CloseCombat, Protect | Floette-Eternal: LightofRuin, Moonblast, DazzlingGleam, Protect | Dragapult: DragonDarts, SuckerPunch, PsychicFangs, Protect | Whimsicott: Tailwind, Moonblast, Encore, SunnyDay"
6,87ca81b02aad2567,4,gen9championsvgc2026regma,gen9championsvgc2026regma-2600573325,p2,mynamegrassgreen,1777818212,True,Kommo-o | Gengar | Altaria | Sinistcha-Masterpiece | Incineroar | Kingambit,Leftovers | Gengarite | Altarianite | SitrusBerry | ShucaBerry | ChopleBerry,Overcoat | CursedBody | CloudNine | Hospitality | Intimidate | Defiant, |  |  |  |  | ,"Kommo-o: ClangorousSoul, ClangingScales, AuraSphere, Protect | Gengar: ShadowBall, SludgeBomb, PerishSong, Protect | Altaria: HyperVoice, PerishSong, WillOWisp, Protect | Sinistcha-Masterpiece: MatchaGotcha, RagePowder, TrickRoom, StrengthSap | Incineroar: FakeOut, FlareBlitz, Protect, PartingShot | Kingambit: SuckerPunch, IronHead, SwordsDance, Protect"
7,2d2b660408c573f9,1,gen9championsvgc2026regma,gen9championsvgc2026regma-2600148740,p1,lowk like dat,1777761794,True,Meganium | Whimsicott | Dragapult | Mamoswine | Farigiraf | Aerodactyl,Meganiumite | FocusSash | ColburBerry | SoftSand | SitrusBerry | Aerodactylite,LeafGuard | Prankster | Infiltrator | Oblivious | ArmorTail | Unnerve, |  |  |  |  | ,"Meganium: SolarBeam, EarthPower, WeatherBall, Protect | Whimsicott: Endeavor, Tailwind, Protect, DazzlingGleam | Dragapult: ShadowBall, DracoMeteor, Thunderbolt, Protect | Mamoswine: HighHorsepower, Protect, RockSlide, IceShard | Farigiraf: TwinBeam, TrickRoom, HyperVoice, Imprison | Aerodactyl: DualWingbeat, RockSlide, Protect, Tailwind"
8,180863b74c34fa90,1,gen9championsvgc2026regma,gen9championsvgc2026regma-2600148740,p2,,1777761794,,Tyranitar | Garchomp | Corviknight | Milotic | Incineroar | Venusaur,Tyranitarite | SoftSand | Leftovers | SitrusBerry | ChopleBerry | Venusaurite,SandStream | RoughSkin | MirrorArmor | Competitive | Intimidate | Overgrow, |  |  |  |  | ,"Tyranitar: RockSlide, KnockOff, LowKick, Protect | Garchomp: Earthquake, StompingTantrum, RockSlide, Protect | Corviknight: BraveBird, Tailwind, BulkUp, Roost | Milotic: Scald, IceBeam, Recover, Protect | Incineroar: FlareBlitz, PartingShot, WillOWisp, FakeOut | Venusaur: GigaDrain, SludgeBomb, EarthPower, Protect"
9,be3d8bea5367fac9,1,gen9championsvgc2026regma,gen9championsvgc2026regma-2600076680,p1,,1777754577,,Banette | Aerodactyl | Basculegion | Sneasler | Archaludon | Sylveon,Banettite | Aerodactylite | ChoiceScarf | FocusSash | Leftovers | FairyFeather,Frisk | RockHead | Adaptability | Unburden | Stamina | Pixilate, |  |  |  |  | ,"Banette: DestinyBond, Poltergeist, WillOWisp, RainDance | Aerodactyl: RockSlide, DualWingbeat, Tailwind, Protect | Basculegion: WaveCrash, AquaJet, LastRespects, FlipTurn | Sneasler: DireClaw, CloseCombat, FakeOut, Protect | Archaludon: Protect, ElectroShot, DragonPulse, FlashCannon | Sylveon: HyperVoice, QuickAttack, Yawn, Protect"
10,0bd00b4502acf9f3,1,gen9championsvgc2026regma,gen9championsvgc2026regma-2600076680,p2,JonnyNerd,1777754577,False,Mimikyu | Rotom-Wash | Delphox | Garchomp | Scizor | Aerodactyl,LumBerry | SitrusBerry | Delphoxite | ChoiceScarf | Scizorite | FocusSash,Disguise | Levitate | Magician | RoughSkin | Technician | Unnerve, |  |  |  |  | ,"Mimikyu: TrickRoom, PlayRough, ShadowSneak, Protect | Rotom-Wash: Protect, WillOWisp, Discharge, HydroPump | Delphox: Protect, Encore, HeatWave, Psychic | Garchomp: Earthquake, StompingTantrum, RockSlide, DragonClaw | Scizor: Protect, SwordsDance, BulletPunch, BugBite | Aerodactyl: Protect, Tailwind, RockSlide, DualWingbeat"
11,231edb01937ae286,5,gen9championsvgc2026regma,gen9championsvgc2026regma-2599901451,p1,djogoclao,1777738827,False,Aegislash | Rotom-Wash | Gengar | Garchomp | Ninetales-Alola | Incineroar,ColburBerry | SitrusBerry | Gengarite | ChoiceScarf | FocusSash | ShucaBerry,StanceChange | Levitate | CursedBody | RoughSkin | SnowWarning | Intimidate, |  |  |  |  | ,"Aegislash: Poltergeist, ShadowSneak, SacredSword, KingsShield | Rotom-Wash: HydroPump, VoltSwitch, WillOWisp, Protect | Gengar: PerishSong, ShadowBall, Disable, Protect | Garchomp: Earthquake, StompingTantrum, RockSlide, RockTomb | Ninetales-Alola: Blizzard, FreezeDry, Encore, Protect | Incineroar: FlareBlitz, ThroatChop, FakeOut, PartingShot"
12,570ed60f0ed77b54,3,gen9championsvgc2026regma,gen9championsvgc2026regma-2600289444,p1,AtumAsar,1777777666,True,Blastoise | Archaludon | Sinistcha-Masterpiece | Talonflame | Sneasler | Farigiraf,Blastoisinite | ChoiceScarf | SitrusBerry | FocusSash | WhiteHerb | Leftovers,RainDish | Sturdy | Hospitality | GaleWings | Unburden | ArmorTail, |  |  |  |  | ,"Blastoise: AuraSphere, WaterSpout, DarkPulse, Protect | Archaludon: DracoMeteor, ElectroShot, FlashCannon, DarkPulse | Sinistcha-Masterpiece: MatchaGotcha, RagePowder, TrickRoom, LifeDew | Talonflame: Tailwind, RainDance, Hurricane, FireBlast | Sneasler: DireClaw, CloseCombat, FakeOut, Acrobatics | Farigiraf: RainDance, Psychic, HelpingHand, HyperVoice"
13,0d527b3a3477ed15,9,gen9championsvgc2026regma,gen9championsvgc2026regma-2599798141,p1,AragonVGC,1777727787,True,Golurk | Farigiraf | Incineroar | Torkoal | Sneasler | Venusaur,Golurkite | SitrusBerry | ShucaBerry | Charcoal | WhiteHerb | FocusSash,IronFist | ArmorTail | Intimidate | Drought | Unburden | Chlorophyll, |  |  |  |  | ,"Golurk: Poltergeist, IcePunch, HeadlongRush, Protect | Farigiraf: HyperVoice, Psychic, TrickRoom, HelpingHand | Incineroar: FakeOut, FlareBlitz, ThroatChop, PartingShot | Torkoal: Eruption, HeatWave, WeatherBall, Protect | Sneasler: FakeOut, CloseCombat, DireClaw, Coaching | Venusaur: Protect, LeafStorm, SleepPowder, SludgeBomb"
14,209c695dc848b7ec,2,gen9championsvgc2026regma,gen9championsvgc2026regma-2599798141,p2,,1777727787,,Sneasler | Maushold | Kingambit | Aerodactyl | Kommo-o | Basculegion-F,WhiteHerb | KingsRock | ChopleBerry | Aerodactylite | Leftovers | FocusSash,Unburden | Technician | Defiant | Unnerve | Soundproof | Adaptability, |  |  |  |  | ,"Sneasler: CloseCombat, DireClaw, Feint, Protect | Maushold: PopulationBomb, Bite, LowKick, Protect | Kingambit: KowtowCleave, SuckerPunch, IronHead, Protect | Aerodactyl: RockSlide, DualWingbeat, Tailwind, Protect | Kommo-o: ClangingScales, AuraSphere, ClangorousSoul, Protect | Basculegion-F: MuddyWater, ShadowBall, IceBeam, Protect"
15,b3f9627c83053672,2,gen9championsvgc2026regma,gen9championsvgc2026regma-2599790190,p1,,1777728962,,Charizard | Venusaur | Whimsicott | Rotom-Wash | Sneasler | Corviknight,CharizarditeY | SitrusBerry | FocusSash | ChoiceScarf | WhiteHerb | Leftovers,Blaze | Chlorophyll | Prankster | Levitate | Unburden | MirrorArmor, |  |  |  |  | ,"Charizard: Protect, HeatWave, WeatherBall, AirSlash | Venusaur: Protect, SleepPowder, EnergyBall, AcidSpray | Whimsicott: Protect, Tailwind, Encore, Moonblast | Rotom-Wash: Electroweb, VoltSwitch, Thunderbolt, HydroPump | Sneasler: Protect, FakeOut, DireClaw, CloseCombat | Corviknight: Protect, IronDefense, BodyPress, BraveBird"
16,140b2148c1dd9d4c,1,gen9championsvgc2026regma,gen9championsvgc2026regma-2600382695,p1,VerdantVirizion,1777790490,False,Gardevoir | Aerodactyl | Rotom-Heat | Basculegion | Kingambit | Garchomp,Gardevoirite | Aerodactylite | ChoiceScarf | FocusSash | ChopleBerry | HabanBerry,Trace | Unnerve | Levitate | Adaptability | Defiant | RoughSkin, |  |  |  |  | ,"Gardevoir: HyperVoice, Psychic, TrickRoom, Protect | Aerodactyl: RockSlide, DualWingbeat, Tailwind, Protect | Rotom-Heat: Thunderbolt, Overheat, Electroweb, VoltSwitch | Basculegion: AquaJet, LastRespects, WaveCrash, FlipTurn | Kingambit: KowtowCleave, SuckerPunch, IronHead, Protect | Garchomp: DragonClaw, RockSlide, Earthquake, Protect"
17,12b03ab13a8680d0,2,gen9championsvgc2026regma,gen9championsvgc2026regma-2600382695,p2,Shaymin24,1777790490,True,Scizor | Charizard | Sinistcha | Sneasler | Milotic | Meowstic,Scizorite | CharizarditeX | SitrusBerry | FocusSash | Leftovers | ColburBerry,Technician | Blaze | Hospitality | PoisonTouch | Competitive | Prankster, |  |  |  |  | ,"Scizor: BugBite, SwordsDance, Protect, BulletPunch | Charizard: Protect, FlareBlitz, DragonDance, DragonClaw | Sinistcha: TrickRoom, RagePowder, MatchaGotcha, LifeDew | Sneasler: Coaching, FakeOut, CloseCombat, DireClaw | Milotic: IcyWind, Protect, Scald, LifeDew | Meowstic: LightScreen, FakeOut, PsychicNoise, SunnyDay"
18,6af3415d062c122e,2,gen9championsvgc2026regma,gen9championsvgc2026regma-2600356651,p2,caZISA,1777786704,True,Gengar | Kommo-o | Sinistcha | Incineroar | Politoed | Archaludon,Gengarite | DragonFang | ColburBerry | ChopleBerry | Leftovers | Magnet,CursedBody | Soundproof | Hospitality | Intimidate | Drizzle | Sturdy, |  |  |  |  | ,"Gengar: ShadowBall, PerishSong, Disable, Protect | Kommo-o: ClangingScales, AuraSphere, ClangorousSoul, Protect | Sinistcha: MatchaGotcha, RagePowder, LifeDew, Protect | Incineroar: FakeOut, ThroatChop, PartingShot, Protect | Politoed: WeatherBall, PerishSong, Encore, Protect | Archaludon: FlashCannon, DragonPulse, ElectroShot, Protect"
19,976c6a3a32acc1e3,1,gen9championsvgc2026regma,gen9championsvgc2026regma-2600504884,p1,tglupy,1777810146,True,Whimsicott | Greninja | Pelipper | Tyranitar | Rotom-Wash | Sneasler,FocusSash | Greninjite | SitrusBerry | ChopleBerry | ChoiceScarf | WhiteHerb,Prankster | Protean | Drizzle | SandStream | Levitate | Unburden, |  |  |  |  | ,"Whimsicott: Tailwind, Encore, Moonblast, SunnyDay | Greninja: WeatherBall, Protect, GrassKnot, SludgeWave | Pelipper: Tailwind, HelpingHand, Hurricane, WideGuard | Tyranitar: RockSlide, LowKick, KnockOff, Protect | Rotom-Wash: VoltSwitch, WillOWisp, HydroPump, Thunder | Sneasler: CloseCombat, FakeOut, DireClaw, Uturn"
20,df2443ad1a281035,1,gen9championsvgc2026regma,gen9championsvgc2026regma-2600335502,p2,happidoodledoo,1777783603,False,Sneasler | Sinistcha | Scovillain | Kommo-o | Basculegion | Volcarona,FocusSash | CobaBerry | Scovillainite | SitrusBerry | ChoiceScarf | Leftovers,PoisonTouch | Hospitality | Moody | Soundproof | Adaptability | FlameBody, |  |  |  |  | ,"Sneasler: FakeOut, CloseCombat, DireClaw, Protect | Sinistcha: MatchaGotcha, ShadowBall, RagePowder, Protect | Scovillain: Overheat, LeechSeed, RagePowder, Protect | Kommo-o: ClangingScales, AuraSphere, Protect, ClangorousSoul | Basculegion: WaveCrash, LastRespects, FlipTurn, AquaJet | Volcarona: QuiverDance, HeatWave, GigaDrain, Protect"
21,03ce1482f9998613,1,gen9championsvgc2026regma,gen9championsvgc2026regma-2600338065,p1,YuulenVGC,1777784035,False,Aggron | Froslass | Garchomp | Incineroar | Simipour | Sinistcha,Aggronite | Froslassite | WhiteHerb | Charcoal | FocusSash | SitrusBerry,Sturdy | CursedBody | RoughSkin | Intimidate | Torrent | Hospitality, |  |  |  |  | ,"Aggron: HeavySlam, BodyPress, IronDefense, Protect | Froslass: Blizzard, ShadowBall, Thunderbolt, AuroraVeil | Garchomp: ScaleShot, RockSlide, StompingTantrum, Protect | Incineroar: FlareBlitz, WillOWisp, PartingShot, FakeOut | Simipour: Scald, IcyWind, Taunt, FakeOut | Sinistcha: MatchaGotcha, RagePowder, Imprison, TrickRoom"
22,7b55959832ba42ff,1,gen9championsvgc2026regma,gen9championsvgc2026regma-2600271141,p2,ansbbv,1777775667,False,Whimsicott | Glimmora | Kingambit | Basculegion | Sneasler | Lopunny,FocusSash | Glimmoranite | ChopleBerry | ChoiceScarf | WhiteHerb | Lopunnite,Prankster | ToxicDebris | Defiant | Adaptability | Unburden | CuteCharm, |  |  |  |  | ,"Whimsicott: Tailwind, Encore, Protect, Moonblast | Glimmora: PowerGem, SludgeWave, EarthPower, Protect | Kingambit: KowtowCleave, LowKick, SuckerPunch, IronHead | Basculegion: WaveCrash, LastRespects, AquaJet, FlipTurn | Sneasler: CloseCombat, DireClaw, FakeOut, Protect | Lopunny: FakeOut, DrainPunch, IcePunch, Protect"
23,caf9a40c2dfa8249,2,gen9championsvgc2026regma,gen9championsvgc2026regma-2600468484,p1,yuwuna69,1777804595,False,Gengar | Ninetales-Alola | Rotom-Wash | Garchomp | Incineroar | Aegislash,Gengarite | FocusSash | SitrusBerry | ChoiceScarf | ShucaBerry | ColburBerry,CursedBody | SnowWarning | Levitate | RoughSkin | Intimidate | StanceChange, |  |  |  |  | ,"Gengar: SludgeBomb, ShadowBall, Disable, Protect | Ninetales-Alola: Blizzard, FreezeDry, Encore, Protect | Rotom-Wash: HydroPump, VoltSwitch, WillOWisp, Protect | Garchomp: Earthquake, StompingTantrum, RockSlide, RockTomb | Incineroar: FlareBlitz, ThroatChop, FakeOut, PartingShot | Aegislash: Poltergeist, ShadowSneak, SacredSword, KingsShield"
24,ed84462ffebdc79f,2,gen9championsvgc2026regma,gen9championsvgc2026regma-2600468484,p2,sheepie_sheep,1777804595,True,Froslass | Aerodactyl | Basculegion | Kingambit | Sneasler | Garchomp,Froslassite | Aerodactylite | FocusSash | ChopleBerry | WhiteHerb | SitrusBerry,CursedBody | Unnerve | Adaptability | Defiant | Unburden | RoughSkin, |  |  |  |  | ,"Froslass: Protect, ShadowBall, Blizzard, AuroraVeil | Aerodactyl: Protect, DualWingbeat, RockSlide, Tailwind | Basculegion: Protect, Liquidation, LastRespects, AquaJet | Kingambit: Protect, KowtowCleave, SuckerPunch, LowKick | Sneasler: FakeOut, DireClaw, CloseCombat, Protect | Garchomp: Protect, DragonClaw, Earthquake, RockSlide"
25,5073c827ba524d11,2,gen9championsvgc2026regma,gen9championsvgc2026regma-2599804612,p1,,1777728409,,Talonflame | Basculegion | Tsareena | Corviknight | Garchomp | Floette-Eternal,SharpBeak | FocusSash | ChoiceScarf | Leftovers | WhiteHerb | Floettite,GaleWings | Adaptability | QueenlyMajesty | MirrorArmor | RoughSkin | FlowerVeil, |  |  |  |  | ,"Talonflame: BraveBird, Tailwind, Protect, FlareBlitz | Basculegion: Liquidation, LastRespects, AquaJet, Protect | Tsareena: TropKick, TripleAxel, LowKick, PowerWhip | Corviknight: BodyPress, IronDefense, Protect, Roost | Garchomp: DragonClaw, StompingTantrum, Earthquake, Protect | Floette-Eternal: Moonblast, DazzlingGleam, LightofRuin, Protect"
26,659d1a88a3f25a47,1,gen9championsvgc2026regma,gen9championsvgc2026regma-2599901933,p1,,1777738654,,Alakazam | Liepard | Dragapult | Incineroar | Milotic | Skarmory,Alakazite | FocusSash | DragonFang | SitrusBerry | Leftovers | QuickClaw,MagicGuard | Prankster | CursedBody | Intimidate | Competitive | Sturdy, |  |  |  |  | ,"Alakazam: Protect, Psychic, ShadowBall, DazzlingGleam | Liepard: FakeOut, Taunt, KnockOff, Protect | Dragapult: DracoMeteor, ShadowBall, Protect, Uturn | Incineroar: FlareBlitz, PartingShot, FakeOut, ThroatChop | Milotic: Scald, IceBeam, Protect, Recover | Skarmory: Tailwind, BraveBird, IronHead, IcyWind"
27,1704eee3d088e6d6,1,gen9championsvgc2026regma,gen9championsvgc2026regma-2599901933,p2,,1777738654,,Chandelure | Torkoal | Arcanine-Hisui | Incineroar | Rotom-Heat | Scovillain,Chandelurite | Charcoal | FocusSash | SitrusBerry | BrightPowder | Scovillainite,FlashFire | Drought | RockHead | Intimidate | Levitate | Chlorophyll, |  |  |  |  | ,"Chandelure: TrickRoom, HeatWave, ShadowBall, WillOWisp | Torkoal: Eruption, Flamethrower, EarthPower, Protect | Arcanine-Hisui: HeadSmash, FlareBlitz, ExtremeSpeed, Protect | Incineroar: FakeOut, PartingShot, CloseCombat, Taunt | Rotom-Heat: VoltSwitch, ThunderWave, Thunderbolt, SunnyDay | Scovillain: RagePowder, SeedBomb, TemperFlare, SpicyExtract"
28,c66b89361c2c0ce6,1,gen9championsvgc2026regma,gen9championsvgc2026regma-2600747806,p1,,1777834852,,Blastoise | Whimsicott | Pelipper | Sneasler | Kingambit | Scizor,Blastoisinite | MentalHerb | MysticWater | FocusSash | BlackGlasses | WhiteHerb,RainDish | Prankster | Drizzle | PoisonTouch | SupremeOverlord | Technician, |  |  |  |  | ,"Blastoise: WaterSpout, FakeOut, AuraSphere, FlashCannon | Whimsicott: Moonblast, EnergyBall, Protect, Tailwind | Pelipper: Hurricane, HydroPump, IceBeam, Protect | Sneasler: DireClaw, FakeOut, CloseCombat, RockSlide | Kingambit: SuckerPunch, Protect, SwordsDance, IronHead | Scizor: BulletPunch, SwordsDance, Protect, DualWingbeat"
29,18260bbf4eb33fee,1,gen9championsvgc2026regma,gen9championsvgc2026regma-2600747806,p2,uhu she said penal,1777834852,True,Gengar | Maushold-Four | Politoed | Incineroar | Hatterene | Ninetales-Alola,Gengarite | FocusSash | SitrusBerry | LumBerry | KasibBerry | KebiaBerry,CursedBody | FriendGuard | Drizzle | Intimidate | MagicBounce | SnowWarning, |  |  |  |  | ,"Gengar: ShadowBall, PerishSong, Disable, Protect | Maushold-Four: FollowMe, Encore, Uturn, Protect | Politoed: WeatherBall, PerishSong, Encore, Protect | Incineroar: ThroatChop, PartingShot, Protect, FakeOut | Hatterene: DazzlingGleam, LifeDew, TrickRoom, Protect | Ninetales-Alola: IcyWind, AuroraVeil, Encore, Protect"
30,9635401e178dcfdc,2,gen9championsvgc2026regma,gen9championsvgc2026regma-2600094751,p1,Silvervaliantxyz,1777756438,False,Dragonite | Politoed | Rotom-Mow | Lucario | Basculegion-F | Weavile,Dragoninite | SitrusBerry | ChoiceScarf | Lucarionite | MysticWater | FocusSash,Multiscale | Drizzle | Levitate | InnerFocus | SwiftSwim | Pickpocket, |  |  |  |  | ,"Dragonite: DracoMeteor, Hurricane, Tailwind, Protect | Politoed: WeatherBall, IcyWind, HelpingHand, Protect | Rotom-Mow: LeafStorm, Thunder, RainDance, VoltSwitch | Lucario: BulletPunch, CloseCombat, SteelBeam, Protect | Basculegion-F: WaveCrash, LastRespects, AquaJet, Protect | Weavile: BeatUp, TripleAxel, FakeOut, Protect"
31,d68f7b3ed4ee2ce7,4,gen9championsvgc2026regma,gen9championsvgc2026regma-2600094751,p2,Felilou,1777756438,True,Volcarona | Lucario | Basculegion-F | Krookodile | Clefable | Rotom-Mow,Leftovers | Lucarionite | ChoiceScarf | FocusSash | SitrusBerry | MiracleSeed,FlameBody | InnerFocus | Adaptability | Intimidate | Unaware | Levitate, |  |  |  |  | ,"Volcarona: HeatWave, BugBuzz, QuiverDance, Protect | Lucario: CloseCombat, MeteorMash, BulletPunch, Protect | Basculegion-F: WaveCrash, LastRespects, FlipTurn, IcyWind | Krookodile: HighHorsepower, KnockOff, RockSlide, Protect | Clefable: Moonblast, HelpingHand, FollowMe, Protect | Rotom-Mow: LeafStorm, Thunderbolt, Electroweb, Protect"
32,d642e602096c71c5,1,gen9championsvgc2026regma,gen9championsvgc2026regma-2600309870,p1,we up,1777780422,False,Blastoise | Farigiraf | Pelipper | Sneasler | Sinistcha | Delphox,Blastoisinite | ColburBerry | FocusSash | WhiteHerb | SitrusBerry | Delphoxite,RainDish | ArmorTail | Drizzle | Unburden | Hospitality | Blaze, |  |  |  |  | ,"Blastoise: WaterSpout, DarkPulse, Protect, ShellSmash | Farigiraf: HyperVoice, AllySwitch, HelpingHand, TrickRoom | Pelipper: WeatherBall, Hurricane, Tailwind, WideGuard | Sneasler: FakeOut, CloseCombat, DireClaw, Taunt | Sinistcha: MatchaGotcha, LifeDew, TrickRoom, RagePowder | Delphox: HeatWave, Psychic, Encore, Protect"
33,47911ee82d65f50a,1,gen9championsvgc2026regma,gen9championsvgc2026regma-2600332132,p1,geoluc,1777783038,False,Garganacl | Archaludon | Hippowdon | Gardevoir | Farigiraf | Sableye,PasshoBerry | Magnet | Leftovers | Gardevoirite | ColburBerry | Sablenite,PurifyingSalt | Stamina | SandStream | Synchronize | ArmorTail | Prankster, |  |  |  |  | ,"Garganacl: SaltCure, WideGuard, Recover, Protect | Archaludon: FlashCannon, DracoMeteor, ElectroShot, Protect | Hippowdon: Roar, Earthquake, Yawn, Protect | Gardevoir: HyperVoice, Psychic, TrickRoom, Protect | Farigiraf: DazzlingGleam, Psychic, TrickRoom, HelpingHand | Sableye: FakeOut, KnockOff, ConfuseRay, RainDance"
34,64009bd3514e42ac,1,gen9championsvgc2026regma,gen9championsvgc2026regma-2599815830,p1,Galbiazzoh,1777729644,True,Froslass | Delphox | Whimsicott | Rotom-Wash | Goodra-Hisui | Kingambit,Froslassite | Delphoxite | FocusSash | ChoiceScarf | Leftovers | ChopleBerry,SnowCloak | Blaze | Prankster | Levitate | ShellArmor | Defiant, |  |  |  |  | ,"Froslass: ShadowBall, Blizzard, AuroraVeil, Protect | Delphox: Psychic, HeatWave, ScorchingSands, Protect | Whimsicott: Tailwind, FakeTears, Encore, Moonblast | Rotom-Wash: VoltSwitch, HydroPump, Electroweb, WillOWisp | Goodra-Hisui: BodyPress, HeavySlam, Shelter, LifeDew | Kingambit: KowtowCleave, SuckerPunch, LowKick, Protect"
35,b18e3c651392fa64,1,gen9championsvgc2026regma,gen9championsvgc2026regma-2599815830,p2,,1777729644,,Scovillain | Pelipper | Basculegion | Archaludon | Sneasler | Scizor,Scovillainite | FocusSash | ChoiceScarf | Leftovers | WhiteHerb | SitrusBerry,Moody | Drizzle | Adaptability | Stamina | Unburden | Technician, |  |  |  |  | ,"Scovillain: RagePowder, LeechSeed, Overheat, Protect | Pelipper: WideGuard, Hurricane, WeatherBall, Tailwind | Basculegion: WaveCrash, AquaJet, LastRespects, FlipTurn | Archaludon: ElectroShot, FlashCannon, DracoMeteor, Protect | Sneasler: Coaching, FakeOut, DireClaw, CloseCombat | Scizor: BugBite, BulletPunch, Protect, SwordsDance"
36,d2aa2deae1f55de2,1,gen9championsvgc2026regma,gen9championsvgc2026regma-2600250252,p1,CallMeDG,1777773296,False,Sinistcha | Pelipper | Toxicroak | Farigiraf | Blastoise | Archaludon,SitrusBerry | FocusSash | BlackBelt | ColburBerry | Blastoisinite | Leftovers,Hospitality | Drizzle | DrySkin | ArmorTail | RainDish | Stamina, |  |  |  |  | ,"Sinistcha: MatchaGotcha, RagePowder, LifeDew, Protect | Pelipper: WeatherBall, Hurricane, Tailwind, Protect | Toxicroak: CloseCombat, KnockOff, FakeOut, Protect | Farigiraf: Psychic, HelpingHand, RainDance, TrickRoom | Blastoise: WaterSpout, DarkPulse, AuraSphere, FakeOut | Archaludon: FlashCannon, DracoMeteor, ElectroShot, Protect"
37,6882fcbf0a57cea4,1,gen9championsvgc2026regma,gen9championsvgc2026regma-2600250252,p2,TheHorrorHare,1777773296,True,Hawlucha | Snorlax | Hydreigon | Incineroar | Sinistcha | Scizor,Hawluchanite | Leftovers | ChoiceScarf | SitrusBerry | KasibBerry | Scizorite,Limber | ThickFat | Levitate | Intimidate | Hospitality | Technician, |  |  |  |  | ,"Hawlucha: CrossChop, DualWingbeat, Entrainment, Protect | Snorlax: Fissure, Stockpile, SmackDown, Protect | Hydreigon: DracoMeteor, DarkPulse, Snarl, FlashCannon | Incineroar: FlareBlitz, ThroatChop, PartingShot, FakeOut | Sinistcha: MatchaGotcha, LifeDew, TrickRoom, RagePowder | Scizor: BulletPunch, BugBite, SwordsDance, Protect"
38,3a3de686c64e9ca2,1,gen9championsvgc2026regma,gen9championsvgc2026regma-2600877433,p1,JonnyNerd,1777847155,True,Mimikyu | Rotom-Wash | Delphox | Garchomp | Kingambit | Sneasler,WhiteHerb | SitrusBerry | Delphoxite | ChoiceScarf | ChopleBerry | MentalHerb,Disguise | Levitate | Magician | RoughSkin | Defiant | Unburden, |  |  |  |  | ,"Mimikyu: SwordsDance, PlayRough, ShadowSneak, Protect | Rotom-Wash: Protect, WillOWisp, Thunderbolt, HydroPump | Delphox: Protect, Encore, HeatWave, Psychic | Garchomp: Earthquake, StompingTantrum, RockSlide, DragonClaw | Kingambit: Protect, KowtowCleave, SuckerPunch, IronHead | Sneasler: FakeOut, Protect, DireClaw, CloseCombat"
39,fce52b299c35e3fd,1,gen9championsvgc2026regma,gen9championsvgc2026regma-2600877433,p2,,1777847155,,Charizard | Glimmora | Whimsicott | Weavile | Garchomp | Basculegion,CharizarditeY | Glimmoranite | CobaBerry | FocusSash | SitrusBerry | ColburBerry,SolarPower | ToxicDebris | Prankster | Pickpocket | RoughSkin | Adaptability, |  |  |  |  | ,"Charizard: HeatWave, SolarBeam, WeatherBall, Protect | Glimmora: PowerGem, SludgeBomb, EarthPower, SpikyShield | Whimsicott: Moonblast, Tailwind, Encore, Protect | Weavile: FakeOut, KnockOff, IcicleCrash, LowKick | Garchomp: DragonClaw, Earthquake, RockSlide, Protect | Basculegion: WaveCrash, LastRespects, AquaJet, Protect"
40,17179e9bb791e30b,1,gen9championsvgc2026regma,gen9championsvgc2026regma-2599919558,p1,,1777740131,,Golurk | Delphox | Bellibolt | Appletun | Froslass | Passimian,FocusSash | Delphoxite | Leftovers | SitrusBerry | Froslassite | BlackBelt,NoGuard | Blaze | Electromorphosis | ThickFat | SnowCloak | Defiant, |  |  |  |  | ,"Golurk: DynamicPunch, Earthquake, KnockOff, Poltergeist | Delphox: Protect, Flamethrower, DazzlingGleam, PsychicNoise | Bellibolt: MuddyWater, Discharge, SlackOff, VoltSwitch | Appletun: LeechSeed, Protect, AppleAcid, Substitute | Froslass: Protect, Blizzard, AuroraVeil, ShadowBall | Passimian: UpperHand, DrainPunch, KnockOff, Protect"
41,ac702d77c3ea10ab,1,gen9championsvgc2026regma,gen9championsvgc2026regma-2599919558,p2,AlolanTrainerMike,1777740131,True,Archaludon | Pelipper | Excadrill | Basculegion | Raichu | Greninja,Leftovers | WacanBerry | Excadrite | ChoiceScarf | MentalHerb | Greninjite,Stamina | Drizzle | SandRush | Adaptability | LightningRod | Protean, |  |  |  |  | ,"Archaludon: FlashCannon, ElectroShot, DracoMeteor, Protect | Pelipper: Tailwind, Uturn, IceBeam, Protect | Excadrill: Earthquake, Megahorn, IronHead, ThroatChop | Basculegion: LastRespects, Liquidation, FlipTurn, IceFang | Raichu: Thunder, Surf, LightScreen, FakeOut | Greninja: DarkPulse, WaterShuriken, IceBeam, SludgeWave"
42,4c67a97cb692851e,1,gen9championsvgc2026regma,gen9championsvgc2026regma-2600079273,p1,Yuki_Edo,1777755344,False,Aegislash | Hydreigon | Gardevoir | Abomasnow | Pelipper | Archaludon,ColburBerry | ChoiceScarf | Gardevoirite | Abomasite | FocusSash | Leftovers,StanceChange | Levitate | Telepathy | SnowWarning | Drizzle | Stamina, |  |  |  |  | ,"Aegislash: KingsShield, IronHead, ShadowSneak, SacredSword | Hydreigon: EarthPower, Flamethrower, DarkPulse, DragonPulse | Gardevoir: HyperVoice, Psyshock, TrickRoom, Protect | Abomasnow: Blizzard, Protect, ChillingWater, Earthquake | Pelipper: ChillingWater, Tailwind, Hurricane, Protect | Archaludon: ElectroShot, FlashCannon, DragonPulse, Protect"
43,7bfbc46af7c8c27b,2,gen9championsvgc2026regma,gen9championsvgc2026regma-2600079273,p2,Etrale,1777755344,True,Pelipper | Basculegion | Meganium | Sneasler | Dragonite | Kingambit,SitrusBerry | MysticWater | Meganiumite | WhiteHerb | Dragoninite | BlackGlasses,Drizzle | SwiftSwim | LeafGuard | Unburden | Multiscale | Defiant, |  |  |  |  | ,"Pelipper: Hurricane, IcyWind, Tailwind, RainDance | Basculegion: WaveCrash, FlipTurn, AquaJet, Protect | Meganium: SolarBeam, DazzlingGleam, WeatherBall, Protect | Sneasler: FakeOut, DireClaw, CloseCombat, Protect | Dragonite: DracoMeteor, Hurricane, Thunderbolt, Protect | Kingambit: SuckerPunch, KowtowCleave, IronHead, LowKick"
44,7a9e249b48057e6b,1,gen9championsvgc2026regma,gen9championsvgc2026regma-2600540172,p1,ssshjsj,1777815251,False,Charizard | Venusaur | Kingambit | Basculegion | Sneasler | Garchomp,CharizarditeY | FocusSash | ChopleBerry | ChoiceScarf | WhiteHerb | ShucaBerry,Blaze | Chlorophyll | Defiant | Adaptability | Unburden | RoughSkin, |  |  |  |  | ,"Charizard: HeatWave, SolarBeam, Protect, WeatherBall | Venusaur: Protect, SleepPowder, SludgeBomb, EarthPower | Kingambit: KowtowCleave, SuckerPunch, Protect, LowKick | Basculegion: FlipTurn, WaveCrash, LastRespects, IcyWind | Sneasler: CloseCombat, DireClaw, Protect, FakeOut | Garchomp: DragonClaw, Earthquake, RockSlide, Protect"
45,071631a04d65b68a,1,gen9championsvgc2026regma,gen9championsvgc2026regma-2600540172,p2,,1777815251,,Archaludon | Blastoise | Garchomp | Sableye | Hippowdon | Sneasler,Leftovers | Blastoisinite | Garchompite | RoseliBerry | SitrusBerry | WhiteHerb,Stamina | Torrent | SandVeil | Prankster | SandStream | Unburden, |  |  |  |  | ,"Archaludon: ElectroShot, DragonPulse, FlashCannon, Protect | Blastoise: Protect, DarkPulse, DragonPulse, WaterSpout | Garchomp: Earthquake, ScaleShot, StompingTantrum, Protect | Sableye: Reflect, LightScreen, Quash, RainDance | Hippowdon: SandTomb, RockSlide, Protect, SlackOff | Sneasler: CloseCombat, DireClaw, FakeOut, Protect"
46,352e64de1fd517ea,1,gen9championsvgc2026regma,gen9championsvgc2026regma-2600880056,p1,budster16,1777847640,False,Audino | Flapple | Liepard | Conkeldurr | Aurorus | Kangaskhan,Audinite | RoseliBerry | FocusSash | BlackBelt | Leftovers | Kangaskhanite,Regenerator | Ripen | Prankster | IronFist | SnowWarning | Scrappy, |  |  |  |  | ,"Audino: DrainingKiss, HyperVoice, CalmMind, Protect | Flapple: GravApple, SuckerPunch, DragonDance, Protect | Liepard: FakeOut, Copycat, Encore, Protect | Conkeldurr: DrainPunch, MachPunch, ThunderPunch, Protect | Aurorus: Blizzard, AuroraVeil, EarthPower, Protect | Kangaskhan: FakeOut, DrainPunch, DoubleEdge, Protect"
47,3f5bf5a63ada1032,1,gen9championsvgc2026regma,gen9championsvgc2026regma-2600880056,p2,kihri,1777847640,True,Espeon | Skarmory | Klefki | Sharpedo | Heliolisk | Hydreigon,TwistedSpoon | Leftovers | OccaBerry | Sharpedonite | Magnet | FocusSash,MagicBounce | KeenEye | Prankster | SpeedBoost | DrySkin | Levitate, |  |  |  |  | ,"Espeon: Psychic, ShadowBall, CalmMind, Protect | Skarmory: IronHead, DrillPeck, SwordsDance, Roost | Klefki: RainDance, FlashCannon, Reflect, LightScreen | Sharpedo: Liquidation, Crunch, PsychicFangs, Protect | Heliolisk: Thunderbolt, VoltSwitch, ThunderWave, Protect | Hydreigon: Tailwind, DragonPulse, EarthPower, Protect"
48,955e89a0ec5dc754,2,gen9championsvgc2026regma,gen9championsvgc2026regma-2600175262,p1,thewalraingoats,1777764869,True,Charizard | Whimsicott | Garchomp | Kingambit | Kangaskhan | Basculegion,CharizarditeY | FocusSash | SitrusBerry | BlackGlasses | Kangaskhanite | ColburBerry,Blaze | Prankster | RoughSkin | Defiant | Scrappy | Adaptability, |  |  |  |  | ,"Charizard: Protect, HeatWave, WeatherBall, SolarBeam | Whimsicott: Protect, Encore, Moonblast, Tailwind | Garchomp: Protect, Earthquake, RockSlide, DragonRush | Kingambit: Protect, KowtowCleave, SuckerPunch, IronHead | Kangaskhan: FakeOut, SuckerPunch, DoubleEdge, LowKick | Basculegion: Protect, AquaJet, LastRespects, WaveCrash"
49,e9873f520153bdc0,1,gen9championsvgc2026regma,gen9championsvgc2026regma-2600175262,p2,NegaiFreak,1777764869,False,Archaludon | Pelipper | Sneasler | Sinistcha | Blastoise | Farigiraf,Magnet | FocusSash | WhiteHerb | Leftovers | Blastoisinite | SitrusBerry,Sturdy | Drizzle | Unburden | Hospitality | Torrent | ArmorTail, |  |  |  |  | ,"Archaludon: ElectroShot, FlashCannon, DragonPulse, Protect | Pelipper: WeatherBall, Hurricane, Tailwind, Protect | Sneasler: FakeOut, DireClaw, CloseCombat, Protect | Sinistcha: MatchaGotcha, RagePowder, LifeDew, TrickRoom | Blastoise: WaterPulse, WaterSpout, ShellSmash, Protect | Farigiraf: TrickRoom, HyperVoice, Psychic, HelpingHand"
50,92786912a032174b,1,gen9championsvgc2026regma,gen9championsvgc2026regma-2600579293,p1,pkkhex,1777819088,True,Charizard | Whimsicott | Garchomp | Glimmora | Basculegion | Sneasler,CharizarditeY | FocusSash | SitrusBerry | Glimmoranite | ChoiceScarf | WhiteHerb,Blaze | Prankster | RoughSkin | ToxicDebris | Adaptability | Unburden, |  |  |  |  | ,"Charizard: HeatWave, Protect, SolarBeam, WeatherBall | Whimsicott: Tailwind, Encore, Moonblast, Protect | Garchomp: RockSlide, Protect, Earthquake, DragonClaw | Glimmora: EarthPower, SludgeBomb, SpikyShield, PowerGem | Basculegion: WaveCrash, AquaJet, FlipTurn, LastRespects | Sneasler: FakeOut, DireClaw, CloseCombat, Protect"
51,cf2ae968b113e46c,2,gen9championsvgc2026regma,gen9championsvgc2026regma-2600579293,p2,thinking charizard,1777819088,False,Charizard | Milotic | Sinistcha-Masterpiece | Aegislash | Sneasler | Aerodactyl,CharizarditeX | Leftovers | SitrusBerry | ColburBerry | WhiteHerb | FocusSash,Blaze | Competitive | Hospitality | StanceChange | Pressure | RockHead, |  |  |  |  | ,"Charizard: DragonDance, DragonClaw, FlareBlitz, Protect | Milotic: Coil, Scald, Hypnosis, Recover | Sinistcha-Masterpiece: MatchaGotcha, RagePowder, Protect, LifeDew | Aegislash: Poltergeist, ShadowSneak, SacredSword, KingsShield | Sneasler: CloseCombat, DireClaw, FakeOut, Protect | Aerodactyl: RockSlide, WideGuard, Tailwind, Protect"
52,2bdaf2f2c2a86e6e,1,gen9championsvgc2026regma,gen9championsvgc2026regma-2599997525,p1,aaasun,1777746922,False,Aerodactyl | Meganium | Basculegion | Sneasler | Farigiraf | Kingambit,Aerodactylite | Meganiumite | ChoiceScarf | WhiteHerb | SitrusBerry | BlackGlasses,Unnerve | LeafGuard | Adaptability | Unburden | ArmorTail | Defiant, |  |  |  |  | ,"Aerodactyl: DualWingbeat, RockSlide, Tailwind, WideGuard | Meganium: SolarBeam, WeatherBall, DazzlingGleam, Protect | Basculegion: WaveCrash, FlipTurn, AquaJet, LastRespects | Sneasler: CloseCombat, DireClaw, FakeOut, Protect | Farigiraf: HyperVoice, Psychic, Imprison, TrickRoom | Kingambit: KowtowCleave, SuckerPunch, LowKick, Protect"
53,8e6908b4beb4dc44,1,gen9championsvgc2026regma,gen9championsvgc2026regma-2599997525,p2,chromate,1777746922,True,Froslass | Aerodactyl | Basculegion | Kingambit | Sneasler | Garchomp,Froslassite | Aerodactylite | FocusSash | ChopleBerry | WhiteHerb | SitrusBerry,CursedBody | Unnerve | Adaptability | Defiant | Unburden | RoughSkin, |  |  |  |  | ,"Froslass: Blizzard, ShadowBall, AuroraVeil, Protect | Aerodactyl: RockSlide, DualWingbeat, Tailwind, Protect | Basculegion: Liquidation, LastRespects, AquaJet, Protect | Kingambit: KowtowCleave, SuckerPunch, LowKick, Protect | Sneasler: GunkShot, CloseCombat, FakeOut, Protect | Garchomp: Earthquake, DragonClaw, RockSlide, Protect"
54,d934166ee98817d8,1,gen9championsvgc2026regma,gen9championsvgc2026regma-2600663014,p1,sunwind,1777826903,False,Scovillain | Pelipper | Archaludon | Basculegion | Sneasler | Aerodactyl,Scovillainite | SitrusBerry | Leftovers | FocusSash | WhiteHerb | Aerodactylite,Insomnia | Drizzle | Stamina | Adaptability | Unburden | Unnerve, |  |  |  |  | ,"Scovillain: Overheat, LeechSeed, RagePowder, Protect | Pelipper: WeatherBall, Hurricane, Tailwind, Protect | Archaludon: ElectroShot, DracoMeteor, FlashCannon, Protect | Basculegion: Liquidation, AquaJet, LastRespects, Protect | Sneasler: CloseCombat, DireClaw, FakeOut, Protect | Aerodactyl: RockSlide, DualWingbeat, Tailwind, Protect"
55,bba266c9203da3cf,1,gen9championsvgc2026regma,gen9championsvgc2026regma-2600184799,p2,we up,1777765856,False,Torkoal | Incineroar | Oranguru | Gardevoir | Farigiraf | Sinistcha,Charcoal | ChopleBerry | SitrusBerry | Gardevoirite | ColburBerry | CobaBerry,Drought | Intimidate | InnerFocus | Synchronize | ArmorTail | Hospitality, |  |  |  |  | ,"Torkoal: Eruption, WeatherBall, Protect, HeatWave | Incineroar: FakeOut, FlareBlitz, DarkestLariat, PartingShot | Oranguru: Instruct, TrickRoom, Protect, Psychic | Gardevoir: HyperVoice, Protect, CalmMind, TrickRoom | Farigiraf: PsychicFangs, LowKick, Protect, TrickRoom | Sinistcha: MatchaGotcha, TrickRoom, RagePowder, LifeDew"
56,afd9f42651240969,2,gen9championsvgc2026regma,gen9championsvgc2026regma-2599810215,p2,,1777728929,,Gliscor | Mamoswine | Meganium | Tsareena | Tyranitar | Tinkaton,YacheBerry | PasshoBerry | Meganiumite | ChoiceScarf | SitrusBerry | FocusSash,HyperCutter | Oblivious | LeafGuard | QueenlyMajesty | SandStream | MoldBreaker, |  |  |  |  | ,"Gliscor: Tailwind, SwordsDance, HighHorsepower, DualWingbeat | Mamoswine: Earthquake, Protect, IcicleCrash, IceShard | Meganium: SolarBeam, DazzlingGleam, WeatherBall, Protect | Tsareena: HighJumpKick, TropKick, TripleAxel, Uturn | Tyranitar: RockSlide, Protect, LowKick, KnockOff | Tinkaton: FakeOut, GigatonHammer, PlayRough, Protect"
57,c5560cd78e4c96b5,1,gen9championsvgc2026regma,gen9championsvgc2026regma-2600125511,p1,odetojank3,1777759800,True,Delphox | Whimsicott | Sinistcha | Rotom-Wash | Garchomp | Farigiraf,Delphoxite | FocusSash | ColburBerry | ChoiceScarf | LumBerry | SitrusBerry,Blaze | Prankster | Hospitality | Levitate | RoughSkin | ArmorTail, |  |  |  |  | ,"Delphox: HeatWave, Psychic, Overheat, Protect | Whimsicott: Moonblast, Encore, Tailwind, SunnyDay | Sinistcha: MatchaGotcha, TrickRoom, RagePowder, Imprison | Rotom-Wash: HydroPump, VoltSwitch, Trick, WillOWisp | Garchomp: Earthquake, DragonClaw, SunnyDay, Protect | Farigiraf: TwinBeam, LowKick, TrickRoom, SunnyDay"
58,0f5f8edd2d734bd4,1,gen9championsvgc2026regma,gen9championsvgc2026regma-2600125511,p2,Kebeen,1777759800,False,Starmie | Archaludon | Sableye | Pelipper | Sneasler | Garchomp,Starminite | Leftovers | RoseliBerry | FocusSash | WhiteHerb | SoftSand,NaturalCure | Stamina | Prankster | Drizzle | Unburden | RoughSkin, |  |  |  |  | ,"Starmie: Liquidation, IceSpinner, AquaJet, Protect | Archaludon: Protect, FlashCannon, ElectroShot, DracoMeteor | Sableye: Reflect, LightScreen, RainDance, Encore | Pelipper: Hurricane, WeatherBall, Tailwind, Protect | Sneasler: FakeOut, CloseCombat, DireClaw, Protect | Garchomp: Earthquake, StompingTantrum, RockSlide, Protect"
59,00826b434731de8e,2,gen9championsvgc2026regma,gen9championsvgc2026regma-2599892960,p1,clutcheye_.,1777737211,False,Scovillain | Primarina | Sneasler | Kingambit | Aerodactyl | Garchomp,Scovillainite | Leftovers | WhiteHerb | BlackGlasses | FocusSash | SoftSand,Chlorophyll | LiquidVoice | Unburden | Defiant | Unnerve | RoughSkin, |  |  |  |  | ,"Scovillain: RagePowder, Flamethrower, LeechSeed, Protect | Primarina: CalmMind, HyperVoice, Moonblast, Protect | Sneasler: FakeOut, Protect, DireClaw, CloseCombat | Kingambit: KowtowCleave, SuckerPunch, SwordsDance, Protect | Aerodactyl: Tailwind, WideGuard, RockSlide, DualWingbeat | Garchomp: Earthquake, DragonClaw, RockSlide, Protect"
60,198c25a6899ba315,2,gen9championsvgc2026regma,gen9championsvgc2026regma-2599775336,p1,,1777725144,,Charizard | Whimsicott | Garchomp | Incineroar | Sneasler | Torkoal,CharizarditeY | FocusSash | ChoiceScarf | SitrusBerry | WhiteHerb | Charcoal,Blaze | Prankster | RoughSkin | Intimidate | Unburden | Drought, |  |  |  |  | ,"Charizard: Protect, WeatherBall, HeatWave, SolarBeam | Whimsicott: Tailwind, Moonblast, Encore, Taunt | Garchomp: Earthquake, DragonClaw, RockSlide, StompingTantrum | Incineroar: FakeOut, PartingShot, ThroatChop, Taunt | Sneasler: Protect, FakeOut, DireClaw, CloseCombat | Torkoal: Protect, WeatherBall, HeatWave, Eruption"
61,89f9327eb020e067,2,gen9championsvgc2026regma,gen9championsvgc2026regma-2599775336,p2,,1777725144,,Charizard | Farigiraf | Garchomp | Aerodactyl | Sylveon | Kingambit,CharizarditeY | SitrusBerry | DragonFang | FocusSash | FairyFeather | ChopleBerry,Blaze | ArmorTail | RoughSkin | Unnerve | Pixilate | Defiant, |  |  |  |  | ,"Charizard: WeatherBall, SolarBeam, HeatWave, Protect | Farigiraf: Psychic, SkillSwap, TrickRoom, HelpingHand | Garchomp: Earthquake, ScaleShot, StompingTantrum, Protect | Aerodactyl: RockSlide, Tailwind, WideGuard, Protect | Sylveon: HyperVoice, Moonblast, QuickAttack, Detect | Kingambit: KowtowCleave, SuckerPunch, LowKick, Protect"
62,f49dae567be7d287,2,gen9championsvgc2026regma,gen9championsvgc2026regma-2600072848,p2,TSCVGC Bhoot,1777754373,False,Glimmora | Weavile | Volcarona | Tauros-Paldea-Aqua | Torterra | Rotom-Mow,Glimmoranite | FocusSash | PasshoBerry | WhiteHerb | SitrusBerry | ChoiceScarf,ToxicDebris | Pickpocket | FlameBody | Intimidate | ShellArmor | Levitate, |  |  |  |  | ,"Glimmora: PowerGem, SludgeBomb, EarthPower, SpikyShield | Weavile: TripleAxel, KnockOff, FakeOut, Taunt | Volcarona: Tailwind, RagePowder, StruggleBug, Protect | Tauros-Paldea-Aqua: CloseCombat, WaveCrash, AquaJet, Protect | Torterra: HeadlongRush, WoodHammer, WideGuard, Protect | Rotom-Mow: Thunderbolt, LeafStorm, Electroweb, VoltSwitch"
63,bb8d069ae5a2742b,1,gen9championsvgc2026regma,gen9championsvgc2026regma-2600687480,p1,poktiyty3ty,1777829319,True,Chandelure | Whimsicott | Milotic | Farigiraf | Weavile | Venusaur,Chandelurite | FocusSash | WacanBerry | Leftovers | ChopleBerry | Venusaurite,FlashFire | Prankster | Competitive | ArmorTail | Pickpocket | Chlorophyll, |  |  |  |  | ,"Chandelure: HeatWave, ShadowBall, EnergyBall, Protect | Whimsicott: Tailwind, SunnyDay, Protect, GigaDrain | Milotic: MuddyWater, Protect, Haze, IceBeam | Farigiraf: TrickRoom, FoulPlay, HelpingHand, Protect | Weavile: FakeOut, KnockOff, LowKick, TripleAxel | Venusaur: EarthPower, EnergyBall, SludgeBomb, Protect"
64,13337dcb4c6e9421,1,gen9championsvgc2026regma,gen9championsvgc2026regma-2600687480,p2,,1777829319,,Banette | Sneasler | Archaludon | Basculegion | Aerodactyl | Sylveon,Banettite | WhiteHerb | Leftovers | ChoiceScarf | Aerodactylite | FairyFeather,Frisk | Unburden | Stamina | Adaptability | Unnerve | Pixilate, |  |  |  |  | ,"Banette: Poltergeist, WillOWisp, RainDance, DestinyBond | Sneasler: Protect, FakeOut, CloseCombat, DireClaw | Archaludon: Protect, FlashCannon, DragonClaw, ElectroShot | Basculegion: AquaJet, WaveCrash, FlipTurn, LastRespects | Aerodactyl: RockSlide, Tailwind, DualWingbeat, Protect | Sylveon: QuickAttack, HyperVoice, Protect, HyperBeam"
65,e3f1bb426fdde045,2,gen9championsvgc2026regma,gen9championsvgc2026regma-2600774495,p1,duck 7457546765,1777840100,True,Garchomp | Tyranitar | Corviknight | Oranguru | Primarina | Chimecho,Garchompite | FocusSash | OccaBerry | MentalHerb | Leftovers | Chimechite,RoughSkin | SandStream | MirrorArmor | Telepathy | LiquidVoice | Levitate, |  |  |  |  | ,"Garchomp: ScaleShot, RockSlide, Earthquake, Protect | Tyranitar: RockSlide, KnockOff, Protect, LowKick | Corviknight: BulkUp, BraveBird, Tailwind, Protect | Oranguru: TrickRoom, Encore, Protect, Instruct | Primarina: HyperVoice, Protect, CalmMind, Moonblast | Chimecho: FlashCannon, Psychic, Protect, TrickRoom"
66,178afa1aca9318fa,2,gen9championsvgc2026regma,gen9championsvgc2026regma-2600774495,p2,sigueinventando,1777840100,False,Delphox | Sinistcha | Kingambit | Gyarados | Garchomp | Floette-Eternal,Delphoxite | SitrusBerry | ChopleBerry | LumBerry | ChoiceScarf | Floettite,Blaze | Hospitality | Defiant | Intimidate | RoughSkin | FlowerVeil, |  |  |  |  | ,"Delphox: HeatWave, Psyshock, Encore, Protect | Sinistcha: MatchaGotcha, ShadowBall, RagePowder, TrickRoom | Kingambit: SuckerPunch, LowKick, IronHead, Protect | Gyarados: Waterfall, Taunt, HelpingHand, ThunderWave | Garchomp: RockSlide, DragonClaw, Earthquake, StompingTantrum | Floette-Eternal: Moonblast, DazzlingGleam, CalmMind, Protect"
67,67c6cb24d6437893,1,gen9championsvgc2026regma,gen9championsvgc2026regma-2600084363,p2,,1777755347,,Floette-Eternal | Incineroar | Garchomp | Talonflame | Milotic | Aegislash,Floettite | SitrusBerry | SoftSand | SharpBeak | Leftovers | SpellTag,FlowerVeil | Intimidate | RoughSkin | GaleWings | Competitive | StanceChange, |  |  |  |  | ,"Floette-Eternal: Moonblast, DazzlingGleam, CalmMind, Protect | Incineroar: PartingShot, FlareBlitz, DarkestLariat, FakeOut | Garchomp: StompingTantrum, Earthquake, RockSlide, Protect | Talonflame: DualWingbeat, FlareBlitz, Tailwind, Protect | Milotic: Scald, IceBeam, LifeDew, Protect | Aegislash: IronHead, Poltergeist, ShadowSneak, KingsShield"
68,7867d8deae467750,1,gen9championsvgc2026regma,gen9championsvgc2026regma-2600854112,p1,It'sJustKen - Bo1,1777844857,True,Farigiraf | Incineroar | Torkoal | Kangaskhan | Maushold-Four | Azumarill,SilkScarf | WhiteHerb | Charcoal | Kangaskhanite | FocusSash | SitrusBerry,ArmorTail | Intimidate | Drought | Scrappy | FriendGuard | HugePower, |  |  |  |  | ,"Farigiraf: HyperVoice, Psychic, TrickRoom, HelpingHand | Incineroar: FakeOut, FlareBlitz, DarkestLariat, CloseCombat | Torkoal: Protect, Eruption, WeatherBall, HelpingHand | Kangaskhan: FakeOut, DoubleEdge, SuckerPunch, LowKick | Maushold-Four: Protect, FollowMe, SuperFang, Encore | Azumarill: Protect, BellyDrum, AquaJet, PlayRough"
69,8bd96d5ac9738765,1,gen9championsvgc2026regma,gen9championsvgc2026regma-2600854112,p2,,1777844857,,Sylveon | Aerodactyl | Camerupt | Kommo-o | Oranguru | Sableye,FairyFeather | FocusSash | Cameruptite | SitrusBerry | MentalHerb | RoseliBerry,Pixilate | Unnerve | SolidRock | Soundproof | InnerFocus | Prankster, |  |  |  |  | ,"Sylveon: Round, HyperVoice, Yawn, Protect | Aerodactyl: RockSlide, WideGuard, Round, Tailwind | Camerupt: HeatWave, EarthPower, Round, Protect | Kommo-o: ClangorousSoul, AuraSphere, ClangingScales, Protect | Oranguru: TrickRoom, Instruct, SunnyDay, PsychicNoise | Sableye: LightScreen, Reflect, Quash, Encore"
70,a0ee9a9c4be51840,1,gen9championsvgc2026regma,gen9championsvgc2026regma-2600276247,p1,,1777777023,,Maushold-Four | Tyranitar | Volcarona | Aerodactyl | Slowbro-Galar | Sandaconda,KingsRock | Tyranitarite | FocusSash | Aerodactylite | QuickClaw | BrightPowder,Technician | SandStream | FlameBody | Unnerve | QuickDraw | SandVeil, |  |  |  |  | ,"Maushold-Four: PopulationBomb, TidyUp, Bite, Protect | Tyranitar: RockSlide, LowKick, KnockOff, Protect | Volcarona: AirSlash, Tailwind, HeatWave, RagePowder | Aerodactyl: RockSlide, Tailwind, DualWingbeat, WideGuard | Slowbro-Galar: DrainPunch, ShellSideArm, BellyDrum, Protect | Sandaconda: BodyPress, Minimize, IronDefense, Sandstorm"
71,ee32120317afa214,1,gen9championsvgc2026regma,gen9championsvgc2026regma-2600276247,p2,regitron 21,1777777023,True,Venusaur | Incineroar | Sneasler | Charizard | Milotic | Garchomp,FocusSash | ChopleBerry | WhiteHerb | CharizarditeY | Leftovers | DragonFang,Chlorophyll | Intimidate | Unburden | SolarPower | Competitive | RoughSkin, |  |  |  |  | ,"Venusaur: EnergyBall, SludgeBomb, SleepPowder, Protect | Incineroar: FakeOut, FlareBlitz, DarkestLariat, PartingShot | Sneasler: CloseCombat, DireClaw, FakeOut, Protect | Charizard: HeatWave, WeatherBall, SolarBeam, Protect | Milotic: Scald, IcyWind, Recover, Protect | Garchomp: ScaleShot, Earthquake, StompingTantrum, Protect"
72,27432d43dfb0e64c,1,gen9championsvgc2026regma,gen9championsvgc2026regma-2600181711,p1,Nardyvig,1777766207,True,Floette-Eternal | Rotom-Mow | Incineroar | Slowking | Garchomp | Gengar,Floettite | OccaBerry | SitrusBerry | MentalHerb | ChoiceScarf | FocusSash,FlowerVeil | Levitate | Intimidate | Regenerator | RoughSkin | CursedBody, |  |  |  |  | ,"Floette-Eternal: GigaDrain, LightofRuin, DazzlingGleam, Protect | Rotom-Mow: LeafStorm, Thunderbolt, Protect, WillOWisp | Incineroar: FakeOut, Protect, PartingShot, ThroatChop | Slowking: TrickRoom, Scald, IceBeam, Protect | Garchomp: StompingTantrum, DragonClaw, RockSlide, Crunch | Gengar: Taunt, ShadowBall, SludgeBomb, Protect"
73,c3539a4a9c794700,1,gen9championsvgc2026regma,gen9championsvgc2026regma-2600181711,p2,monkeyapesimian,1777766207,False,Talonflame | Starmie | Torterra | Decidueye-Hisui | Snorlax | Sharpedo,ChartiBerry | Starminite | Leftovers | FocusSash | LumBerry | Sharpedonite,GaleWings | Illuminate | ShellArmor | Scrappy | Immunity | RoughSkin, |  |  |  |  | ,"Talonflame: Tailwind, Roost, BraveBird, Protect | Starmie: SelfDestruct, Liquidation, IceSpinner, RapidSpin | Torterra: HeadlongRush, BodySlam, IronDefense, BodyPress | Decidueye-Hisui: Coaching, DualWingbeat, LeafBlade, TripleArrows | Snorlax: HelpingHand, Protect, LastResort | Sharpedo: Protect, Liquidation, PsychicFangs, Crunch"
74,d3acf28d1e746d6e,1,gen9championsvgc2026regma,gen9championsvgc2026regma-2599934782,p1,GordoFox,1777741306,False,Aggron | Sylveon | Incineroar | Garchomp | Talonflame | Lucario,Aggronite | Leftovers | SitrusBerry | SoftSand | SharpBeak | BlackBelt,Sturdy | Pixilate | Intimidate | RoughSkin | GaleWings | InnerFocus, |  |  |  |  | ,"Aggron: HeavySlam, BodyPress, IronHead, Protect | Sylveon: HyperVoice, MysticalFire, Psyshock, CalmMind | Incineroar: FlareBlitz, FakeOut, PartingShot, HelpingHand | Garchomp: Earthquake, DragonClaw, RockSlide, Protect | Talonflame: BraveBird, FlareBlitz, Tailwind, Protect | Lucario: CloseCombat, MeteorMash, BulletPunch, Protect"
75,0852556e42be201c,1,gen9championsvgc2026regma,gen9championsvgc2026regma-2599934782,p2,AustinMcballs,1777741306,True,Chandelure | Chesnaught | Aerodactyl | Milotic | Sylveon | Torkoal,Chandelurite | Chesnaughtite | FocusSash | Leftovers | FairyFeather | Charcoal,FlashFire | Bulletproof | Unnerve | Competitive | Pixilate | Drought, |  |  |  |  | ,"Chandelure: HeatWave, ShadowBall, TrickRoom, Protect | Chesnaught: WoodHammer, BodyPress, LeechSeed, SpikyShield | Aerodactyl: RockSlide, DualWingbeat, Tailwind, Protect | Milotic: Scald, IcyWind, Recover, Protect | Sylveon: HyperVoice, QuickAttack, CalmMind, Detect | Torkoal: Eruption, HeatWave, Yawn, Protect"
76,5f38ecb87abd6709,1,gen9championsvgc2026regma,gen9championsvgc2026regma-2600658460,p1,ZilerBruh,1777826526,False,Tyranitar | Aerodactyl | Excadrill | Rotom-Heat | Aegislash | Sneasler,Tyranitarite | FocusSash | ChoiceScarf | SitrusBerry | Leftovers | WhiteHerb,SandStream | Unnerve | SandRush | Levitate | StanceChange | Unburden, |  |  |  |  | ,"Tyranitar: KnockOff, RockSlide, HighHorsepower, Protect | Aerodactyl: RockSlide, DualWingbeat, Tailwind, IceFang | Excadrill: ThroatChop, HighHorsepower, IronHead, PoisonJab | Rotom-Heat: Discharge, Overheat, Protect, ShadowBall | Aegislash: IronHead, KingsShield, ShadowSneak, ShadowBall | Sneasler: CloseCombat, DireClaw, FakeOut, Uturn"
77,80d3ca348213d5fd,1,gen9championsvgc2026regma,gen9championsvgc2026regma-2600450935,p2,abhinavvajpayee,1777801978,False,Aggron | Dragapult | Sylveon | Pelipper | Slowking-Galar | Sinistcha-Masterpiece,Aggronite | FocusSash | FairyFeather | WacanBerry | MentalHerb | SitrusBerry,RockHead | Infiltrator | Pixilate | Drizzle | Regenerator | Hospitality, |  |  |  |  | ,"Aggron: HeadSmash, IronDefense, BodyPress, Protect | Dragapult: Round, DracoMeteor, ShadowBall, Protect | Sylveon: Round, Protect, HyperBeam, MysticalFire | Pelipper: WeatherBall, AirSlash, WideGuard, Protect | Slowking-Galar: EerieSpell, TrickRoom, SlackOff, ChillingWater | Sinistcha-Masterpiece: FoulPlay, LifeDew, RagePowder, StrengthSap"
78,16a80bda34c55cf6,2,gen9championsvgc2026regma,gen9championsvgc2026regma-2599913410,p1,Kebeen,1777739393,False,Charizard | Floette-Eternal | Garchomp | Kingambit | Aerodactyl | Basculegion,CharizarditeY | Floettite | DragonFang | ChopleBerry | FocusSash | ChoiceScarf,Blaze | FlowerVeil | RoughSkin | Defiant | Unnerve | Adaptability, |  |  |  |  | ,"Charizard: HeatWave, WeatherBall, SolarBeam, Protect | Floette-Eternal: DazzlingGleam, Moonblast, LightofRuin, Protect | Garchomp: ScaleShot, Earthquake, StompingTantrum, Protect | Kingambit: KowtowCleave, LowKick, SuckerPunch, Protect | Aerodactyl: RockSlide, Tailwind, WideGuard, Protect | Basculegion: WaveCrash, LastRespects, AquaJet, FlipTurn"
79,5fe864f2208ce0cb,1,gen9championsvgc2026regma,gen9championsvgc2026regma-2599913410,p2,ferdura1234,1777739393,True,Gengar | Whimsicott | Incineroar | Rotom-Wash | Skarmory | Garchomp,Gengarite | FocusSash | SitrusBerry | Leftovers | Skarmorite | SoftSand,CursedBody | Prankster | Intimidate | Levitate | Sturdy | RoughSkin, |  |  |  |  | ,"Gengar: ShadowBall, SludgeBomb, Disable, Protect | Whimsicott: Moonblast, Tailwind, Encore, Protect | Incineroar: FakeOut, FlareBlitz, ThroatChop, PartingShot | Rotom-Wash: VoltSwitch, Thunderbolt, HydroPump, Protect | Skarmory: BraveBird, BodyPress, Roost, Protect | Garchomp: Earthquake, RockSlide, SwordsDance, Protect"
80,52cc4138be0fef1b,1,gen9championsvgc2026regma,gen9championsvgc2026regma-2600276799,p1,spricatto,1777776564,False,Gengar | Maushold | Whimsicott | Basculegion | Incineroar | Dragonite,Gengarite | ChopleBerry | FocusSash | ChoiceScarf | SitrusBerry | DragonFang,CursedBody | FriendGuard | Prankster | Adaptability | Intimidate | Multiscale, |  |  |  |  | ,"Gengar: Protect, PerishSong, Disable, ShadowBall | Maushold: FollowMe, Encore, Protect, SuperFang | Whimsicott: Tailwind, Encore, FakeTears, Moonblast | Basculegion: LastRespects, WaveCrash, AquaJet, FlipTurn | Incineroar: FakeOut, Snarl, PartingShot, FlareBlitz | Dragonite: Protect, Tailwind, ScaleShot, ExtremeSpeed"
81,09b5de4947afb974,1,gen9championsvgc2026regma,gen9championsvgc2026regma-2600276799,p2,LLCDoubleOG,1777776564,True,Altaria | Sinistcha | Sneasler | Arcanine-Hisui | Milotic | Aerodactyl,Altarianite | ColburBerry | WhiteHerb | ChoiceScarf | Leftovers | FocusSash,CloudNine | Hospitality | Unburden | Intimidate | Competitive | Unnerve, |  |  |  |  | ,"Altaria: HyperVoice, Protect, DracoMeteor, PerishSong | Sinistcha: MatchaGotcha, Protect, ShadowBall, RagePowder | Sneasler: FakeOut, CloseCombat, DireClaw, Protect | Arcanine-Hisui: RockSlide, ExtremeSpeed, FlareBlitz, HeadSmash | Milotic: MuddyWater, Recover, Hypnosis, Coil | Aerodactyl: RockSlide, DualWingbeat, Protect, WideGuard"
82,f6e24ac0cbd2c9d7,1,gen9championsvgc2026regma,gen9championsvgc2026regma-2600832828,p1,porygon-epilepz,1777842539,False,Venusaur | Kingambit | Sylveon | Garchomp | Farigiraf | Torkoal,Venusaurite | BlackGlasses | FairyFeather | HabanBerry | ColburBerry | Charcoal,Chlorophyll | Defiant | Pixilate | RoughSkin | ArmorTail | Drought, |  |  |  |  | ,"Venusaur: GigaDrain, SludgeBomb, Protect, EarthPower | Kingambit: SuckerPunch, KowtowCleave, Protect, IronHead | Sylveon: HyperVoice, DrainingKiss, QuickAttack, Protect | Garchomp: RockSlide, DragonClaw, Earthquake, Protect | Farigiraf: TrickRoom, HyperVoice, Psychic, HelpingHand | Torkoal: Eruption, Protect, HeatWave, WeatherBall"
83,fadd3b7811f330f1,1,gen9championsvgc2026regma,gen9championsvgc2026regma-2600832828,p2,Abelius,1777842539,True,Charizard | Glimmora | Whimsicott | Weavile | Garchomp | Basculegion,CharizarditeY | Glimmoranite | CobaBerry | FocusSash | SitrusBerry | ColburBerry,SolarPower | ToxicDebris | Prankster | Pickpocket | SandVeil | SwiftSwim, |  |  |  |  | ,"Charizard: HeatWave, SolarBeam, WeatherBall, Protect | Glimmora: PowerGem, SludgeBomb, EarthPower, SpikyShield | Whimsicott: Moonblast, Tailwind, Encore, Protect | Weavile: FakeOut, KnockOff, IcicleCrash, LowKick | Garchomp: DragonClaw, Earthquake, RockSlide, Protect | Basculegion: WaveCrash, LastRespects, AquaJet, Protect"
84,f782d37fabb0ec3c,1,gen9championsvgc2026regma,gen9championsvgc2026regma-2599896057,p1,,1777738877,,Blastoise | Farigiraf | Basculegion | Pelipper | Archaludon | Sableye,Blastoisinite | ColburBerry | MysticWater | FocusSash | Leftovers | BlackGlasses,Torrent | ArmorTail | SwiftSwim | Drizzle | Stamina | Prankster, |  |  |  |  | ,"Blastoise: FakeOut, WaterPulse, DarkPulse, FlashCannon | Farigiraf: TrickRoom, HyperVoice, Psychic, Wish | Basculegion: AquaJet, FlipTurn, WaveCrash, LastRespects | Pelipper: Hurricane, WeatherBall, Protect, Roost | Archaludon: ElectroShot, Protect, DracoMeteor, FlashCannon | Sableye: Encore, Disable, KnockOff, FakeOut"
85,94214ebf5d0afaa5,1,gen9championsvgc2026regma,gen9championsvgc2026regma-2599800783,p1,Azure-Saffron,1777727945,False,Charizard | Venusaur | Sylveon | Milotic | Aegislash | Aerodactyl,CharizarditeY | FocusSash | FairyFeather | Leftovers | SpellTag | Aerodactylite,Blaze | Chlorophyll | Pixilate | Competitive | StanceChange | Unnerve, |  |  |  |  | ,"Charizard: WeatherBall, HeatWave, SolarBeam, Protect | Venusaur: GigaDrain, SludgeBomb, WeatherBall, Protect | Sylveon: HyperVoice, Moonblast, CalmMind, Protect | Milotic: MuddyWater, Coil, Hypnosis, Protect | Aegislash: Poltergeist, CloseCombat, ShadowSneak, KingsShield | Aerodactyl: RockSlide, DualWingbeat, Tailwind, Protect"
86,10f2fbf322898467,1,gen9championsvgc2026regma,gen9championsvgc2026regma-2599800783,p2,,1777727945,,Sableye | Archaludon | Basculegion | Pelipper | Dragonite | Sinistcha,RoseliBerry | Leftovers | ChoiceScarf | SitrusBerry | Dragoninite | OccaBerry,Prankster | Stamina | Adaptability | Drizzle | Multiscale | Hospitality, |  |  |  |  | ,"Sableye: RainDance, Encore, LightScreen, Reflect | Archaludon: ElectroShot, DragonPulse, FlashCannon, Protect | Basculegion: WaveCrash, LastRespects, FlipTurn, AquaJet | Pelipper: WeatherBall, Hurricane, Tailwind, Protect | Dragonite: DracoMeteor, Hurricane, IceBeam, Protect | Sinistcha: MatchaGotcha, RagePowder, LifeDew, Protect"
87,54aa0690b907d90b,1,gen9championsvgc2026regma,gen9championsvgc2026regma-2600376893,p1,VerdantVirizion,1777789556,True,Gardevoir | Aerodactyl | Rotom-Heat | Basculegion | Kingambit | Sneasler,Gardevoirite | Aerodactylite | ChoiceScarf | FocusSash | ChopleBerry | WhiteHerb,Trace | Unnerve | Levitate | Adaptability | Defiant | Unburden, |  |  |  |  | ,"Gardevoir: HyperVoice, Psychic, CalmMind, Protect | Aerodactyl: RockSlide, DualWingbeat, Tailwind, Protect | Rotom-Heat: Thunderbolt, Overheat, Electroweb, VoltSwitch | Basculegion: AquaJet, LastRespects, WaveCrash, FlipTurn | Kingambit: KowtowCleave, SuckerPunch, IronHead, Protect | Sneasler: FakeOut, CloseCombat, DireClaw, Protect"
88,ad0c9bfb004cf758,1,gen9championsvgc2026regma,gen9championsvgc2026regma-2600565935,p1,epikkkk,1777817611,False,Sableye | Archaludon | Basculegion | Pelipper | Sinistcha | Dragonite,RoseliBerry | Leftovers | ChoiceScarf | SitrusBerry | KasibBerry | Dragoninite,Prankster | Stamina | Adaptability | Drizzle | Hospitality | InnerFocus, |  |  |  |  | ,"Sableye: Reflect, Quash, RainDance, LightScreen | Archaludon: ElectroShot, DragonPulse, FlashCannon, Protect | Basculegion: WaveCrash, FlipTurn, AquaJet, LastRespects | Pelipper: WideGuard, WeatherBall, Hurricane, Tailwind | Sinistcha: MatchaGotcha, LifeDew, TrickRoom, RagePowder | Dragonite: DracoMeteor, Flamethrower, Hurricane, Tailwind"
89,ed60f837af6ac454,1,gen9championsvgc2026regma,gen9championsvgc2026regma-2600569501,p2,dr. bejan,1777817849,False,Sneasler | Kingambit | Basculegion | Aerodactyl | Charizard | Sylveon,WhiteHerb | BlackGlasses | ChoiceScarf | FocusSash | CharizarditeY | FairyFeather,Unburden | Defiant | Adaptability | Unnerve | Blaze | Pixilate, |  |  |  |  | ,"Sneasler: DireClaw, CloseCombat, QuickGuard, Protect | Kingambit: KowtowCleave, SuckerPunch, IronHead, Protect | Basculegion: WaveCrash, LastRespects, AquaJet, FlipTurn | Aerodactyl: RockSlide, DualWingbeat, Tailwind, WideGuard | Charizard: HeatWave, AirSlash, SolarBeam, Protect | Sylveon: HyperVoice, HyperBeam, Psychic, Protect"
90,c2f91708ff1de60c,1,gen9championsvgc2026regma,gen9championsvgc2026regma-2600638926,p1,,1777824980,,Corviknight | Garchomp | Sylveon | Basculegion | Incineroar | Sneasler,Leftovers | Garchompite | FairyFeather | ChoiceScarf | SitrusBerry | WhiteHerb,MirrorArmor | RoughSkin | Pixilate | Adaptability | Intimidate | Unburden, |  |  |  |  | ,"Corviknight: Roost, BraveBird, BodyPress, Tailwind | Garchomp: StompingTantrum, DragonClaw, StoneEdge, Protect | Sylveon: HyperVoice, HyperBeam, QuickAttack, Protect | Basculegion: WaveCrash, AquaJet, FlipTurn, LastRespects | Incineroar: FakeOut, FlareBlitz, ThroatChop, PartingShot | Sneasler: FakeOut, CloseCombat, DireClaw, Coaching"
91,3cc7784784d57fbe,1,gen9championsvgc2026regma,gen9championsvgc2026regma-2600638926,p2,a slippin jimmy,1777824980,True,Floette-Eternal | Garchomp | Milotic | Volcarona | Aerodactyl | Aegislash,Floettite | DragonFang | Leftovers | SitrusBerry | FocusSash | SpellTag,FlowerVeil | RoughSkin | Competitive | FlameBody | Unnerve | StanceChange, |  |  |  |  | ,"Floette-Eternal: Moonblast, DazzlingGleam, CalmMind, Protect | Garchomp: Earthquake, ScaleShot, StompingTantrum, Protect | Milotic: Scald, IcyWind, LifeDew, Protect | Volcarona: RagePowder, Flamethrower, StruggleBug, WillOWisp | Aerodactyl: RockSlide, Tailwind, WideGuard, Protect | Aegislash: Poltergeist, IronHead, ShadowSneak, KingsShield"
92,3d9bf5c9e331e243,1,gen9championsvgc2026regma,gen9championsvgc2026regma-2599984242,p2,ppyyy-inertia,1777745719,True,Kingambit | Sylveon | Farigiraf | Floette-Eternal | Incineroar | Basculegion,ChopleBerry | FairyFeather | SitrusBerry | Floettite | PasshoBerry | ChoiceScarf,Defiant | Pixilate | ArmorTail | FlowerVeil | Intimidate | Adaptability, |  |  |  |  | ,"Kingambit: KowtowCleave, SuckerPunch, LowKick, IronHead | Sylveon: HyperVoice, Moonblast, Yawn, Detect | Farigiraf: Psychic, HyperVoice, HelpingHand, TrickRoom | Floette-Eternal: Moonblast, DazzlingGleam, LightofRuin, Protect | Incineroar: FakeOut, FlareBlitz, ThroatChop, PartingShot | Basculegion: WaveCrash, LastRespects, FlipTurn, AquaJet"
93,d3dc3187197501b6,1,gen9championsvgc2026regma,gen9championsvgc2026regma-2600298553,p1,Weareawesome,1777778905,False,Greninja | Whimsicott | Sylveon | Garchomp | Tyranitar | Rotom-Heat,Greninjite | FocusSash | ChoiceScarf | Garchompite | ChopleBerry | SitrusBerry,Protean | Prankster | Pixilate | SandVeil | SandStream | Levitate, |  |  |  |  | ,"Greninja: HydroPump, GunkShot, IceBeam, Protect | Whimsicott: Tailwind, Encore, Moonblast, Protect | Sylveon: HyperVoice, HyperBeam, Psychic, MysticalFire | Garchomp: ScaleShot, StompingTantrum, RockSlide, Protect | Tyranitar: RockSlide, LowKick, Protect, KnockOff | Rotom-Heat: Overheat, WillOWisp, Thunderbolt, Protect"
94,eb751673ff5da07b,1,gen9championsvgc2026regma,gen9championsvgc2026regma-2600250195,p1,,1777773637,,Hawlucha | Incineroar | Snorlax | Sableye | Politoed | Gengar,Hawluchanite | ShucaBerry | Leftovers | RoseliBerry | SitrusBerry | Gengarite,Limber | Intimidate | ThickFat | Prankster | Drizzle | CursedBody, |  |  |  |  | ,"Hawlucha: Protect, Entrainment, CrossChop, DualWingbeat | Incineroar: Protect, PartingShot, ThroatChop, FakeOut | Snorlax: Protect, Fissure, SmackDown, Stockpile | Sableye: Protect, FakeOut, Encore, Disable | Politoed: Protect, PerishSong, Encore, WeatherBall | Gengar: Protect, PerishSong, Disable, ShadowBall"
95,74abed4000fdc759,1,gen9championsvgc2026regma,gen9championsvgc2026regma-2600834867,p1,,1777843079,,Lopunny | Archaludon | Pelipper | Sinistcha | Incineroar | Aegislash,Lopunnite | Magnet | FocusSash | SitrusBerry | ChopleBerry | SpellTag,CuteCharm | Stamina | Drizzle | Hospitality | Intimidate | StanceChange, |  |  |  |  | ,"Lopunny: FakeOut, CloseCombat, TripleAxel, Protect | Archaludon: DracoMeteor, FlashCannon, ElectroShot, Protect | Pelipper: WeatherBall, Hurricane, Tailwind, WideGuard | Sinistcha: MatchaGotcha, LifeDew, RagePowder, Protect | Incineroar: FlareBlitz, Taunt, FakeOut, PartingShot | Aegislash: IronHead, Poltergeist, ShadowSneak, Protect"
96,542794f09e7bfa39,1,gen9championsvgc2026regma,gen9championsvgc2026regma-2599873302,p1,porygon-epilepz,1777735178,False,Lopunny | Aegislash | Floette-Eternal | Arcanine-Hisui | Farigiraf | Rotom-Wash,Lopunnite | Leftovers | ChoiceScarf | FocusSash | ColburBerry | Magnet,CuteCharm | StanceChange | FlowerVeil | RockHead | ArmorTail | Levitate, |  |  |  |  | ,"Lopunny: Encore, FakeOut, CloseCombat, Facade | Aegislash: KingsShield, FlashCannon, ShadowBall, WideGuard | Floette-Eternal: LightofRuin, Moonblast, DazzlingGleam, Psychic | Arcanine-Hisui: FlareBlitz, ExtremeSpeed, Protect, HeadSmash | Farigiraf: TrickRoom, HyperVoice, Psychic, HelpingHand | Rotom-Wash: Thunderbolt, HydroPump, WillOWisp, Protect"
97,adf8d41c4b35c03a,1,gen9championsvgc2026regma,gen9championsvgc2026regma-2599873302,p2,cyantha,1777735178,True,Tyranitar | Excadrill | Garchomp | Incineroar | Sinistcha-Masterpiece | Milotic,Tyranitarite | FocusSash | ChoiceScarf | ChopleBerry | SitrusBerry | Leftovers,SandStream | SandRush | RoughSkin | Intimidate | Hospitality | Competitive, |  |  |  |  | ,"Tyranitar: RockSlide, Earthquake, KnockOff, Protect | Excadrill: RockSlide, HighHorsepower, IronHead, Protect | Garchomp: DragonClaw, Earthquake, RockSlide, PoisonJab | Incineroar: FakeOut, FlareBlitz, Protect, PartingShot | Sinistcha-Masterpiece: MatchaGotcha, ShadowBall, StrengthSap, RagePowder | Milotic: Scald, IcyWind, FlipTurn, Protect"
98,67cadcf31deda539,1,gen9championsvgc2026regma,gen9championsvgc2026regma-2600565940,p2,toadsamongmen,1777817550,False,Politoed | Archaludon | Weavile | Chimecho | Torterra | Azumarill,SitrusBerry | Leftovers | FocusSash | Chimechite | SoftSand | KebiaBerry,Drizzle | Stamina | Pressure | Levitate | Overgrow | HugePower, |  |  |  |  | ,"Politoed: Encore, IceBeam, Protect, WeatherBall | Archaludon: DragonPulse, ElectroShot, Protect, FlashCannon | Weavile: IceShard, TripleAxel, FakeOut, KnockOff | Chimecho: Protect, Psychic, FlashCannon, TrickRoom | Torterra: WideGuard, HeadlongRush, Protect, WoodHammer | Azumarill: AquaJet, KnockOff, PlayRough, Protect"
